Date,Actual_Regime,Risk_Probability
2024-11-18,1,0.71421117
2024-11-19,1,0.5983307
2024-11-20,1,0.52475053
2024-11-21,1,0.5141655
2024-11-22,1,0.521232
2024-11-25,1,0.5765177
2024-11-26,1,0.561017
2024-11-27,1,0.49712768
2024-11-28,1,0.49772456
2024-11-29,1,0.49267444
2024-12-02,1,0.54363394
2024-12-03,1,0.40381616
2024-12-04,1,0.20750462
2024-12-05,0,0.16736929
2024-12-06,0,0.15911643
2024-12-09,0,0.124240905
2024-12-10,0,0.0799437
2024-12-11,0,0.0795619
2024-12-12,0,0.11890235
2024-12-13,0,0.11363438
2024-12-16,0,0.14583072
2024-12-17,0,0.16514936
2024-12-18,0,0.19746831
2024-12-19,0,0.203997
2024-12-20,0,0.12228792
2024-12-23,0,0.039907698
2024-12-24,0,0.07086083
2024-12-25,0,0.08169197
2024-12-26,0,0.07219805
2024-12-27,0,0.0565086
2024-12-30,0,0.10071197
2024-12-31,0,0.112813115
2025-01-02,0,0.10442513
2025-01-03,0,0.08549312
2025-01-06,0,0.090310566
2025-01-07,0,0.12542322
2025-01-08,0,0.14771126
2025-01-09,0,0.11943552
2025-01-10,0,0.18946944
2025-01-13,0,0.1920412
2025-01-14,0,0.14687516
2025-01-15,0,0.20563883
2025-01-16,0,0.10743284
2025-01-17,0,0.1264358
2025-01-20,0,0.07836315
2025-01-21,0,0.09558611
2025-01-22,0,0.16297497
2025-01-23,0,0.13640487
2025-01-24,0,0.10954688
2025-01-27,0,0.095120676
2025-01-28,0,0.27747497
2025-01-29,0,0.46011677
2025-01-30,0,0.34871736
2025-01-31,0,0.27133083
2025-02-03,0,0.11531095
2025-02-04,0,0.08625034
2025-02-05,0,0.112479635
2025-02-06,0,0.1527511
2025-02-07,0,0.10222313
2025-02-10,0,0.10739852
2025-02-11,0,0.10414326
2025-02-12,0,0.06178943
2025-02-13,0,0.06610748
2025-02-14,0,0.072838195
2025-02-17,0,0.070956804
2025-02-18,0,0.059185553
2025-02-19,0,0.078686826
2025-02-20,0,0.074365534
2025-02-21,0,0.06643191
2025-02-24,0,0.069700316
2025-02-25,0,0.08237983
2025-02-26,0,0.08132558
2025-02-27,0,0.08622539
2025-02-28,0,0.09581592
2025-03-03,0,0.12751086
2025-03-04,0,0.0926572
2025-03-05,0,0.08815022
2025-03-06,0,0.18733034
2025-03-07,0,0.26349846
2025-03-10,1,0.3854453
2025-03-11,1,0.45336
2025-03-12,1,0.34301266
2025-03-13,1,0.32084823
2025-03-14,1,0.33261186
2025-03-17,1,0.44364902
2025-03-18,1,0.31466892
2025-03-19,1,0.94348234
2025-03-20,1,0.94052106
2025-03-21,1,0.94747484
2025-03-24,1,0.94450396
2025-03-25,1,0.93830836
2025-03-26,1,0.940952
2025-03-27,1,0.93931246
2025-03-28,1,0.92284304
2025-04-02,1,0.9241611
2025-04-03,1,0.92720705
2025-04-04,1,0.93511486
2025-04-07,1,0.9376705
2025-04-08,1,0.92145
2025-04-09,1,0.938003
2025-04-10,1,0.93953604
2025-04-11,1,0.94635457
2025-04-14,1,0.9442002
2025-04-15,1,0.94490993
2025-04-16,1,0.93330956
2025-04-17,1,0.9183194
2025-04-18,1,0.92610997
2025-04-21,1,0.9065774
2025-04-22,1,0.93979
2025-04-24,1,0.2576442
2025-04-25,0,0.17905106
2025-04-28,0,0.08920721
2025-04-29,0,0.10233176
2025-04-30,0,0.067678265
2025-05-02,0,0.066664286
2025-05-05,0,0.07034534
2025-05-06,0,0.075099
2025-05-07,0,0.09455514
2025-05-08,0,0.11030244
2025-05-09,0,0.10007405
2025-05-12,0,0.11274509
2025-05-13,0,0.18005978
2025-05-14,0,0.246203
2025-05-15,0,0.2831237
2025-05-16,0,0.18362795
2025-05-20,0,0.18652047
2025-05-21,0,0.22539198
2025-05-22,0,0.24902736
2025-05-23,0,0.2466544
2025-05-26,0,0.25158796
2025-05-27,1,0.28549603
2025-05-28,1,0.25529948
2025-05-29,1,0.21929419
2025-05-30,1,0.20469345
2025-06-02,1,0.24100591
2025-06-03,1,0.23113728
2025-06-04,1,0.20687677
2025-06-05,1,0.2144824
2025-06-10,1,0.23414406
2025-06-11,1,0.23714384
2025-06-12,1,0.23949808
2025-06-13,1,0.21831311
2025-06-16,0,0.21948698
2025-06-17,0,0.15559626
2025-06-18,0,0.14409639
2025-06-19,1,0.12780762
2025-06-20,1,0.09918153
2025-06-23,1,0.10174764
2025-06-24,1,0.20977324
2025-06-25,1,0.18041678
2025-06-26,1,0.19702946
2025-06-27,1,0.2280605
2025-06-30,1,0.58749276
2025-07-01,1,0.56383806
2025-07-02,1,0.5396381
2025-07-03,1,0.4364632
2025-07-04,1,0.5222342
2025-07-07,1,0.59743315
2025-07-08,1,0.65501255
2025-07-09,1,0.4229746
2025-07-10,1,0.4214637
2025-07-11,1,0.43960783
2025-07-14,1,0.4071104
2025-07-16,1,0.3657446
2025-07-17,1,0.3743075
2025-07-18,1,0.31858203
2025-07-21,1,0.33409446
2025-07-22,1,0.34218907
2025-07-23,1,0.34902233
2025-07-24,0,0.3768518
2025-07-25,0,0.34821668
2025-07-28,0,0.3898971
2025-07-29,0,0.31678128
2025-07-30,0,0.084116496
2025-07-31,0,0.08250248
2025-08-01,0,0.10148104
2025-08-04,0,0.07346055
2025-08-05,0,0.11068899
2025-08-06,0,0.07173176
2025-08-07,0,0.055217516
2025-08-08,0,0.060272735
2025-08-11,0,0.06435766
2025-08-12,0,0.064393505
2025-08-13,0,0.05632702
2025-08-14,0,0.07902187
2025-08-15,0,0.055478986
2025-08-18,0,0.06938744
2025-08-19,0,0.06182177
2025-08-20,0,0.071206875
2025-08-21,0,0.24452825
2025-08-22,0,0.24061072
2025-08-25,0,0.2766712
2025-08-26,0,0.22113319
2025-08-27,0,0.24213058
2025-08-28,0,0.22914435
2025-08-29,0,0.20741557
2025-09-01,0,0.25490627
2025-09-02,0,0.5074321
2025-09-03,0,0.5006981
2025-09-04,0,0.5654749
2025-09-05,0,0.5800631
2025-09-08,0,0.5212012
2025-09-09,0,0.5423606
2025-09-10,0,0.61631393
2025-09-11,0,0.5946093
2025-09-12,0,0.6396294
2025-09-15,0,0.76674116
2025-09-16,0,0.7248075
2025-09-17,0,0.6835957
2025-09-18,0,0.72167027
2025-09-19,0,0.6210729
2025-09-22,0,0.6908401
2025-09-23,0,0.7083617
2025-09-24,0,0.66797787
2025-09-25,0,0.66046613
2025-09-26,0,0.6063918
2025-09-29,0,0.634364
2025-09-30,0,0.5545448
2025-10-01,1,0.55211157
2025-10-02,0,0.5781517
2025-10-03,0,0.5733267
2025-10-06,0,0.62879807
2025-10-07,0,0.6292155
2025-10-08,0,0.6043168
2025-10-09,0,0.63527477
2025-10-10,0,0.65757304
2025-10-13,0,0.6478464
2025-10-14,0,0.16551256
2025-10-15,0,0.1478209
2025-10-16,0,0.15269522
2025-10-17,0,0.21905619
2025-10-20,0,0.4433447
2025-10-21,0,0.3601383
2025-10-22,0,0.30223188
2025-10-23,0,0.45318022
2025-10-24,0,0.54179287
2025-10-27,0,0.5516727
2025-10-28,0,0.61764634
2025-10-30,0,0.62950057
2025-10-31,0,0.81216437
2025-11-03,0,0.5772039
2025-11-04,0,0.42552134
2025-11-05,0,0.4085257
2025-11-06,0,0.34017307
2025-11-07,0,0.35593262
2025-11-10,0,0.438357
2025-11-11,0,0.42944932
2025-11-12,0,0.5085527
2025-11-13,0,0.2860679
2025-11-14,0,0.25289026
2025-11-17,0,0.2367093
2025-11-18,0,0.19872124
2025-11-19,0,0.4083544
2025-11-20,0,0.49529913
2025-11-21,0,0.5434822
2025-11-24,0,0.40459028
2025-11-25,0,0.33032054
2025-11-26,0,0.17105629
2025-11-27,0,0.22170095
2025-11-28,0,0.12722877
2025-12-01,1,0.106651716
2025-12-02,1,0.13196899
2025-12-03,1,0.12592542
2025-12-04,1,0.11465742
2025-12-05,1,0.09397511
2025-12-08,1,0.09330207
2025-12-09,1,0.077532694
2025-12-10,1,0.08178739
2025-12-11,1,0.08110558
2025-12-12,1,0.07575752
2025-12-15,1,0.07204121
2025-12-16,1,0.121862784
2025-12-17,1,0.12535222
2025-12-18,1,0.13575289
2025-12-19,1,0.0926256
2025-12-22,1,0.102113545
2025-12-23,1,0.11156635
2025-12-24,1,0.07230583
2025-12-25,1,0.07775054
2025-12-26,1,0.069811165
2025-12-29,1,0.0911516
2025-12-30,0,0.06844323
2025-12-31,0,0.09119034
2026-01-02,0,0.11186462
2026-01-05,0,0.0782938
2026-01-06,0,0.050893474
2026-01-07,0,0.05816834
2026-01-08,0,0.059126217
2026-01-09,0,0.05635834
2026-01-12,0,0.05406211
2026-01-13,0,0.06404482
2026-01-14,0,0.07453577
2026-01-15,0,0.066286266
2026-01-16,0,0.082339294
2026-01-19,0,0.21621424
2026-01-20,0,0.23518176
2026-01-21,0,0.29792327
2026-01-22,0,0.27473232
2026-01-23,0,0.12678488
2026-01-26,0,0.28930694
2026-01-27,0,0.12833773
2026-01-28,0,0.32623914
2026-01-29,0,0.2957722
2026-01-30,0,0.36500525
2026-02-02,0,0.28573063
2026-02-03,0,0.28883538
2026-02-04,0,0.35345617
2026-02-05,0,0.38030457
2026-02-06,0,0.3820201
2026-02-09,0,0.26069313
2026-02-10,0,0.15132383
2026-02-11,0,0.1750788
2026-02-12,0,0.4051276
2026-02-13,0,0.4555264
2026-02-16,0,0.46301174
2026-02-17,0,0.29903653
2026-02-18,0,0.27949798
2026-02-19,0,0.4379966
2026-02-20,1,0.36753538
2026-02-23,0,0.35802308
2026-02-24,1,0.35016462
2026-02-25,1,0.36349764
2026-02-26,1,0.32126355
2026-02-27,1,0.22377896
2026-03-02,1,0.29104683
2026-03-03,1,0.28094772
2026-03-04,1,0.32253242
2026-03-05,1,0.36736885
2026-03-06,1,0.5425287
2026-03-09,1,0.59983164
2026-03-10,1,0.4896871
2026-03-11,1,0.60817546
2026-03-12,1,0.57690173
2026-03-13,1,0.5868501
2026-03-16,1,0.57778275
2026-03-17,1,0.55060714
2026-03-18,1,0.5449773
2026-03-19,1,0.3822769
2026-03-23,1,0.5332918
2026-03-24,1,0.4366046
2026-03-25,1,0.22753112
2026-03-26,1,0.24494094
2026-03-27,1,0.23558307
2026-03-30,1,0.24639516
2026-03-31,1,0.3725251
2026-04-01,0,0.22673291
2026-04-02,0,0.2500314
2026-04-03,0,0.18164861
2026-04-06,0,0.22977437
2026-04-07,0,0.12257845
2026-04-08,0,0.31849748
2026-04-09,0,0.37327775
2026-04-10,0,0.33917198
2026-04-13,0,0.44041762
2026-04-14,0,0.37281537
2026-04-15,1,0.39374432
2026-04-16,1,0.3469373
2026-04-17,1,0.37264502
2026-04-20,1,0.3789949
2026-04-21,1,0.37679833
2026-04-22,1,0.39491048
2026-04-23,1,0.59190375
2026-04-24,1,0.43999562
2026-04-27,1,0.39435205
2026-04-28,1,0.40104404
2026-04-29,1,0.4113224
2026-04-30,1,0.47411063
2026-05-01,1,0.515803
2026-05-04,1,0.5093371
2026-05-05,1,0.4495788
2026-05-06,1,0.5031243
2026-05-07,1,0.17755798
2026-05-08,1,0.14383829
2026-05-11,1,0.139479
2026-05-12,1,0.36932608
2026-05-13,1,0.35018438
2026-05-14,1,0.27397445
2026-05-15,1,0.23708378
2026-05-18,1,0.6985674
2026-05-20,1,0.6914287
2026-05-21,1,0.72198427
2026-05-22,1,0.6616218
2026-05-25,1,0.64014405
2026-05-26,1,0.7394426
2026-05-27,1,0.75428814
2026-05-28,1,0.72034216
2026-05-29,1,0.78478146
2026-06-01,1,0.8715045
2026-06-02,1,0.81015766
2026-06-03,1,0.8324304
2026-06-04,1,0.8297585
2026-06-05,1,0.6688717
2026-06-08,1,0.67237693
2026-06-09,1,0.69032544
2026-06-10,1,0.6485242
2026-06-11,1,0.6721434
2026-06-12,1,0.5681569
2026-06-15,1,0.6219985
2026-06-16,1,0.6042037
2026-06-17,1,0.71084136
2026-06-18,1,0.6183006
2026-06-19,1,0.29973653
2026-06-22,1,0.32952616
2026-06-23,1,0.1786455
2026-06-24,1,0.20797622
2026-06-25,1,0.16976888
2026-06-26,1,0.116234675
2026-06-29,0,0.2628017
2026-06-30,0,0.27521616
2026-07-01,0,0.11926788
2026-07-02,0,0.11082758
2026-07-03,0,0.113061965
2026-07-06,0,0.11830011
2026-07-07,0,0.12118401
2026-07-08,0,0.095567085
2026-07-09,0,0.08964397
2026-07-10,0,0.077024676
2026-07-13,0,0.08078651
2026-07-14,0,0.07361022
2026-07-16,0,0.059310045
2026-07-17,0,0.05977722
2026-07-20,0,0.070137754
2026-07-21,0,0.073805705
2026-07-22,0,0.09018348
2026-07-23,0,0.08738105
2026-07-24,0,0.09819627
2026-07-27,0,0.13206665
2026-07-28,0,0.10417754
2026-07-29,0,0.08611683
2026-07-30,0,0.07204902
2026-07-31,1,0.090879574
